accuracy_mean,accuracy_std,auroc_mean,auroc_std,contract_correct,contract_scenario,contract_secondary_violation_mean,contract_secondary_violation_std,contract_violation_rate_mean,contract_violation_rate_std,hard_failures_mean,hard_failures_std,ledger_rows_mean,ledger_rows_std,non_tail_mean_probability_mean,non_tail_mean_probability_std,rare_positive_recall_mean,rare_positive_recall_std,scaler,scenario,tail_count_mean,tail_count_std,tail_false_positive_rate_mean,tail_false_positive_rate_std,tail_label_rate_mean,tail_label_rate_std,tail_mean_probability_mean,tail_mean_probability_std,tail_probability_gap_mean,tail_probability_gap_std,x0_policy
0.6529761904761904,0.02901568610041852,0.7075708541490314,0.03084874202927905,True,noise,0.2473953025533398,0.08158802012314927,0.29242914585096874,0.03084874202927905,0.0,0.0,1.0,0.0,0.4865871022282858,0.02216776204240307,0.9532539682539682,0.08399730273963402,ranc_correct,noise,15.9,4.00301610426869,0.8627200577200577,0.15105677215000624,0.5318116694144759,0.1251480638608204,0.7339824047816256,0.07282468527560201,0.2473953025533398,0.08158802012314927,log1p
0.6307142857142857,0.026981631617773102,0.6804477106409579,0.03229202708133238,False,signal,0.08254800779950915,0.0851027928336684,0.31955228935904206,0.03229202708133238,0.0,0.0,1.0,0.0,0.49690843541786633,0.022877393138462827,0.7263166463166464,0.20927470304369336,ranc_wrong_noise,noise,15.9,4.00301610426869,0.5687433862433863,0.21507469977436666,0.5318116694144759,0.1251480638608204,0.5664564258249372,0.0894649411047113,0.06954799040707085,0.10051445798759572,zscore
0.6979761904761904,0.03425187335103528,0.7777219137882396,0.036615392858897845,True,signal,0.0,0.0,0.007175925925925927,0.023811923075915006,0.0,0.0,1.0,0.0,0.4664969237935353,0.023013105168814166,0.992824074074074,0.02381192307591502,ranc_correct,signal,15.7,4.0611702067600985,1.0,0.0,0.984437017231135,0.03344195895505708,0.9725096114172269,0.026718411823469443,0.5060126876236917,0.03142147051006572,zscore
0.7022619047619049,0.03396560505864375,0.7767911055027574,0.03688594667163832,False,noise,0.0,0.0,0.03279367170671518,0.04245334676032016,0.0,0.0,1.0,0.0,0.4743497916671464,0.022316401157579484,0.9672063282932848,0.04245334676032015,ranc_wrong_signal,signal,15.7,4.0611702067600985,0.9166666666666666,0.2041241452319315,0.984437017231135,0.03344195895505708,0.8389074697664726,0.04587678280484104,0.36455767809932627,0.04674242308480398,log1p
